,Unnamed: 0,timestamp,longitude,latitude,phone_brand_en,gender,age_segment,location,neigbourhood_numbers
0,0,2018-05-15 00:00:00,-79.48539,43.65797,Xylocopa,M,100-120,Runnymede-Bloor West Village,89
1,1,2018-05-15 00:00:00,-79.48539,43.65797,Xylocopa,M,100-120,Runnymede-Bloor West Village,89
2,2,2018-05-20 00:00:00,-79.31995,43.68951,Xylocopa,F,120-140,Danforth East York,59
3,3,2018-05-20 00:00:00,-79.31995,43.68951,Xylocopa,F,120-140,Danforth East York,59
4,4,2018-05-23 00:00:00,-79.50723,43.63919,Xylocopa,F,100-120,Stonegate-Queensway,16
5,5,2018-05-23 00:00:00,-79.50723,43.63919,Xylocopa,M,100-120,Stonegate-Queensway,16
6,6,2018-05-19 00:00:00,-79.50723,43.63919,Xylocopa,M,100-120,Stonegate-Queensway,16
7,7,2018-08-31 00:00:00,-79.41351999999999,43.71835,Xylocopa,F,160+,Lawrence Park South,103
8,8,2018-07-20 00:00:00,-79.41351999999999,43.71835,Xylocopa,F,160+,Lawrence Park South,103
9,9,2018-07-20 00:00:00,-79.41351999999999,43.71835,Xylocopa,F,160+,Lawrence Park South,103
10,10,2018-05-27 00:00:00,-79.41866,43.66111,Xylocopa,F,100-120,Palmerston-Little Italy,80
11,11,2018-05-27 00:00:00,-79.41866,43.66111,Xylocopa,M,100-120,Palmerston-Little Italy,80
12,12,2018-05-27 00:00:00,-79.41866,43.66111,Xylocopa,M,100-120,Palmerston-Little Italy,80
13,13,2018-06-29 00:00:00,-79.48689,43.65057,Xylocopa,F,100-120,Lambton Baby Point,114
14,14,2018-06-04 00:00:00,-79.3524,43.65412,Ceratina,F,60-80,Waterfront Communities-The Island,77
15,15,2018-05-27 00:00:00,-79.54741999999999,43.59366,Ceratina,F,80-100,Alderwood,20
16,16,2018-05-27 00:00:00,-79.54741999999999,43.59366,Ceratina,F,80-100,Alderwood,20
17,17,2018-06-01 00:00:00,-79.35249,43.732659999999996,Osmia,M,140-160,Banbury-Don Mills,42
18,18,2018-05-31 00:00:00,-79.50723,43.63919,Ceratina,F,100-120,Stonegate-Queensway,16
19,19,2018-05-31 00:00:00,-79.4335,43.66791,Ceratina,F,120-140,Dovercourt-Wallace Emerson-Junction,93
20,20,2018-05-11 00:00:00,-79.42755,43.65578,Ceratina,F,100-120,Dufferin Grove,83
21,21,2018-06-04 00:00:00,-79.3524,43.65412,Ceratina,F,60-80,Waterfront Communities-The Island,77
22,22,2018-05-27 00:00:00,-79.41866,43.66111,Andrena,M,100-120,Palmerston-Little Italy,80
23,23,2018-05-27 00:00:00,-79.41341,43.64584,Apis,F,80-100,Trinity-Bellwoods,81
24,24,2018-05-27 00:00:00,-79.41341,43.64584,Apis,F,80-100,Trinity-Bellwoods,81
25,25,2018-08-31 00:00:00,-79.41351999999999,43.71835,Apis,F,160+,Lawrence Park South,103
26,26,2018-08-31 00:00:00,-79.41351999999999,43.71835,Apis,F,160+,Lawrence Park South,103
27,27,2018-08-31 00:00:00,-79.41351999999999,43.71835,Apis,F,160+,Lawrence Park South,103
28,28,2018-08-31 00:00:00,-79.41351999999999,43.71835,Apis,F,160+,Lawrence Park South,103
29,29,2018-08-31 00:00:00,-79.31995,43.68951,Apis,F,120-140,Danforth East York,59
30,30,2018-07-20 00:00:00,-79.41351999999999,43.71835,Apis,F,160+,Lawrence Park South,103
31,31,2018-07-20 00:00:00,-79.41351999999999,43.71835,Apis,F,160+,Lawrence Park South,103
32,32,2018-07-20 00:00:00,-79.41351999999999,43.71835,Apis,F,160+,Lawrence Park South,103
33,33,2018-07-20 00:00:00,-79.41351999999999,43.71835,Apis,F,160+,Lawrence Park South,103
34,34,2018-07-20 00:00:00,-79.41351999999999,43.71835,Apis,F,160+,Lawrence Park South,103
35,35,2018-05-31 00:00:00,-79.42755,43.65578,Apis,F,100-120,Dufferin Grove,83
36,36,2018-08-10 00:00:00,-79.31995,43.68951,Apis,F,120-140,Danforth East York,59
37,37,2018-07-20 00:00:00,-79.31995,43.68951,Apis,F,120-140,Danforth East York,59
38,38,2018-08-10 00:00:00,-79.4335,43.66791,Anthophora,F,120-140,Dovercourt-Wallace Emerson-Junction,93
39,39,2018-06-08 00:00:00,-79.31827,43.67418,Bombus,F,80-100,Woodbine Corridor,64
40,40,2018-05-27 00:00:00,-79.48539,43.65797,Bombus,F,100-120,Runnymede-Bloor West Village,89
41,41,2018-05-31 00:00:00,-79.48539,43.65797,Bombus,F,100-120,Runnymede-Bloor West Village,89
42,42,2018-05-27 00:00:00,-79.41351999999999,43.71835,Bombus,F,160+,Lawrence Park South,103
43,43,2018-05-27 00:00:00,-79.54741999999999,43.59366,Bombus,F,80-100,Alderwood,20
44,44,2018-06-04 00:00:00,-79.54741999999999,43.59366,Bombus,F,80-100,Alderwood,20
45,45,2018-06-04 00:00:00,-79.54741999999999,43.59366,Bombus,F,80-100,Alderwood,20
46,46,2018-05-27 00:00:00,-79.54741999999999,43.59366,Bombus,F,80-100,Alderwood,20
47,47,2018-05-23 00:00:00,-79.41341,43.64584,Bombus,F,80-100,Trinity-Bellwoods,81
48,48,2018-05-27 00:00:00,-79.54741999999999,43.59366,Bombus,F,80-100,Alderwood,20
49,49,2018-06-04 00:00:00,-79.41351999999999,43.71835,Bombus,F,160+,Lawrence Park South,103
50,50,2018-06-04 00:00:00,-79.41351999999999,43.71835,Bombus,F,160+,Lawrence Park South,103
51,51,2018-06-04 00:00:00,-79.41351999999999,43.71835,Bombus,F,160+,Lawrence Park South,103
52,52,2018-06-04 00:00:00,-79.41351999999999,43.71835,Bombus,F,160+,Lawrence Park South,103
53,53,2018-06-04 00:00:00,-79.41351999999999,43.71835,Bombus,F,160+,Lawrence Park South,103
54,54,2018-06-04 00:00:00,-79.41351999999999,43.71835,Bombus,F,160+,Lawrence Park South,103
55,55,2018-06-04 00:00:00,-79.3524,43.65412,Bombus,F,60-80,Waterfront Communities-The Island,77
56,56,2018-06-08 00:00:00,-79.41351999999999,43.71835,Bombus,F,160+,Lawrence Park South,103
57,57,2018-06-29 00:00:00,-79.41351999999999,43.71835,Bombus,F,160+,Lawrence Park South,103
58,58,2018-05-27 00:00:00,-79.3524,43.65412,Bombus,F,60-80,Waterfront Communities-The Island,77
59,59,2018-05-20 00:00:00,-79.30158,43.6908,Bombus,F,120-140,Taylor-Massey,61
60,60,2018-05-28 00:00:00,-79.30158,43.6908,Bombus,F,120-140,Taylor-Massey,61
61,61,2018-05-16 00:00:00,-79.30158,43.6908,Bombus,F,120-140,Taylor-Massey,61
62,62,2018-05-16 00:00:00,-79.30158,43.6908,Bombus,F,120-140,Taylor-Massey,61
63,63,2018-05-16 00:00:00,-79.30158,43.6908,Bombus,F,120-140,Taylor-Massey,61
64,64,2018-05-28 00:00:00,-79.30445999999999,43.69999,Bombus,F,120-140,O'Connor-Parkview,54
65,65,2018-05-28 00:00:00,-79.30445999999999,43.69999,Bombus,F,120-140,O'Connor-Parkview,54
66,66,2018-05-28 00:00:00,-79.30445999999999,43.69999,Bombus,F,120-140,O'Connor-Parkview,54
67,67,2018-05-28 00:00:00,-79.30445999999999,43.69999,Bombus,F,120-140,O'Connor-Parkview,54
68,68,2018-05-28 00:00:00,-79.30445999999999,43.69999,Bombus,F,120-140,O'Connor-Parkview,54
69,69,2018-06-01 00:00:00,-79.30445999999999,43.69999,Bombus,F,120-140,O'Connor-Parkview,54
70,70,2018-08-31 00:00:00,-79.46369,43.64654,Bombus,F,80-100,High Park-Swansea,87
71,71,2018-08-31 00:00:00,-79.41351999999999,43.71835,Bombus,F,160+,Lawrence Park South,103
72,72,2018-08-31 00:00:00,-79.48689,43.65057,Bombus,F,100-120,Lambton Baby Point,114
73,73,2018-08-10 00:00:00,-79.48689,43.65057,Bombus,F,100-120,Lambton Baby Point,114
74,74,2018-08-10 00:00:00,-79.46369,43.64654,Bombus,F,80-100,High Park-Swansea,87
75,75,2018-08-10 00:00:00,-79.29879,43.6701,Bombus,F,60-80,The Beaches,63
76,76,2018-08-10 00:00:00,-79.29879,43.6701,Bombus,F,60-80,The Beaches,63
77,77,2018-07-20 00:00:00,-79.41351999999999,43.71835,Bombus,M,160+,Lawrence Park South,103
78,78,2018-07-20 00:00:00,-79.41351999999999,43.71835,Bombus,M,160+,Lawrence Park South,103
79,79,2018-07-20 00:00:00,-79.41351999999999,43.71835,Bombus,M,160+,Lawrence Park South,103
80,80,2018-07-20 00:00:00,-79.41351999999999,43.71835,Bombus,F,160+,Lawrence Park South,103
81,81,2018-07-20 00:00:00,-79.41351999999999,43.71835,Bombus,M,160+,Lawrence Park South,103
82,82,2018-07-20 00:00:00,-79.41351999999999,43.71835,Bombus,F,160+,Lawrence Park South,103
83,83,2018-07-20 00:00:00,-79.41351999999999,43.71835,Bombus,M,160+,Lawrence Park South,103
84,84,2018-07-20 00:00:00,-79.41351999999999,43.71835,Bombus,F,160+,Lawrence Park South,103
85,85,2018-07-20 00:00:00,-79.41351999999999,43.71835,Bombus,F,160+,Lawrence Park South,103
86,86,2018-07-20 00:00:00,-79.41351999999999,43.71835,Bombus,F,160+,Lawrence Park South,103
87,87,2018-07-20 00:00:00,-79.41351999999999,43.71835,Bombus,F,160+,Lawrence Park South,103
88,88,2018-07-20 00:00:00,-79.41351999999999,43.71835,Bombus,F,160+,Lawrence Park South,103
89,89,2018-07-20 00:00:00,-79.41351999999999,43.71835,Bombus,F,160+,Lawrence Park South,103
90,90,2018-07-20 00:00:00,-79.41351999999999,43.71835,Bombus,F,160+,Lawrence Park South,103
91,91,2018-07-20 00:00:00,-79.41351999999999,43.71835,Bombus,F,160+,Lawrence Park South,103
92,92,2018-07-20 00:00:00,-79.41351999999999,43.71835,Bombus,M,160+,Lawrence Park South,103
93,93,2018-07-20 00:00:00,-79.41351999999999,43.71835,Bombus,F,160+,Lawrence Park South,103
94,94,2018-07-20 00:00:00,-79.41351999999999,43.71835,Bombus,F,160+,Lawrence Park South,103
95,95,2018-07-20 00:00:00,-79.41351999999999,43.71835,Bombus,F,160+,Lawrence Park South,103
96,96,2018-07-20 00:00:00,-79.41351999999999,43.71835,Bombus,F,160+,Lawrence Park South,103
97,97,2018-05-28 00:00:00,-79.281763,43.68738,Bombus,F,120-140,Birchcliffe-Cliffside,122
98,98,2018-06-29 00:00:00,-79.48689,43.65057,Bombus,F,100-120,Lambton Baby Point,114
99,99,2018-05-23 00:00:00,-79.48689,43.65057,Bombus,F,100-120,Lambton Baby Point,114
100,100,2018-06-29 00:00:00,-79.48689,43.65057,Bombus,M,100-120,Lambton Baby Point,114
101,101,2018-07-20 00:00:00,-79.41341,43.64584,Bombus,M,80-100,Trinity-Bellwoods,81
102,102,2018-07-20 00:00:00,-79.39437,43.695890000000006,Bombus,F,140-160,Mount Pleasant East,99
103,103,2018-06-29 00:00:00,-79.42755,43.65578,Bombus,F,100-120,Dufferin Grove,83
104,104,2018-07-20 00:00:00,-79.30158,43.6908,Bombus,F,120-140,Taylor-Massey,61
105,105,2018-07-20 00:00:00,-79.46369,43.64654,Bombus,F,80-100,High Park-Swansea,87
106,106,2018-08-10 00:00:00,-79.41351999999999,43.71835,Bombus,F,160+,Lawrence Park South,103
107,107,2018-08-10 00:00:00,-79.41351999999999,43.71835,Bombus,F,160+,Lawrence Park South,103
108,108,2018-08-10 00:00:00,-79.41351999999999,43.71835,Bombus,F,160+,Lawrence Park South,103
109,109,2018-08-10 00:00:00,-79.32925999999999,43.67239,Bombus,F,80-100,South Riverdale,70
110,110,2018-07-20 00:00:00,-79.31995,43.68951,Bombus,F,120-140,Danforth East York,59
111,111,2018-07-20 00:00:00,-79.29879,43.6701,Peponapis,F,60-80,The Beaches,63
112,112,2018-07-20 00:00:00,-79.29879,43.6701,Peponapis,F,60-80,The Beaches,63
113,113,2018-07-20 00:00:00,-79.31995,43.68951,Peponapis,F,120-140,Danforth East York,59
114,114,2018-07-20 00:00:00,-79.31995,43.68951,Peponapis,F,120-140,Danforth East York,59
115,115,2018-07-20 00:00:00,-79.41341,43.64584,Peponapis,F,80-100,Trinity-Bellwoods,81
116,116,2018-08-10 00:00:00,-79.41341,43.64584,Peponapis,M,80-100,Trinity-Bellwoods,81
117,117,2018-07-20 00:00:00,-79.41341,43.64584,Peponapis,M,80-100,Trinity-Bellwoods,81
118,118,2018-07-20 00:00:00,-79.41341,43.64584,Peponapis,M,80-100,Trinity-Bellwoods,81
119,119,2018-08-10 00:00:00,-79.29879,43.6701,Melissodes,M,60-80,The Beaches,63
120,120,2018-08-10 00:00:00,-79.29879,43.6701,Peponapis,M,60-80,The Beaches,63
121,121,2018-08-31 00:00:00,-79.31995,43.68951,Melissodes,F,120-140,Danforth East York,59
122,122,2018-08-31 00:00:00,-79.31995,43.68951,Melissodes,F,120-140,Danforth East York,59
123,123,2018-08-10 00:00:00,-79.29879,43.6701,Melissodes,F,60-80,The Beaches,63
124,124,2018-08-10 00:00:00,-79.29879,43.6701,Melissodes,F,60-80,The Beaches,63
125,125,2018-08-10 00:00:00,-79.29879,43.6701,Melissodes,M,60-80,The Beaches,63
126,126,2018-07-20 00:00:00,-79.46369,43.64654,Melissodes,M,80-100,High Park-Swansea,87
127,127,2018-08-10 00:00:00,-79.46369,43.64654,Melissodes,F,80-100,High Park-Swansea,87
128,128,2018-08-10 00:00:00,-79.46369,43.64654,Melissodes,M,80-100,High Park-Swansea,87
129,129,2018-07-20 00:00:00,-79.41351999999999,43.71835,Melissodes,M,160+,Lawrence Park South,103
130,130,2018-07-20 00:00:00,-79.41351999999999,43.71835,Melissodes,F,160+,Lawrence Park South,103
131,131,2018-07-20 00:00:00,-79.41351999999999,43.71835,Melissodes,F,160+,Lawrence Park South,103
132,132,2018-07-20 00:00:00,-79.41341,43.64584,Melissodes,M,80-100,Trinity-Bellwoods,81
133,133,2018-08-10 00:00:00,-79.41351999999999,43.71835,Melissodes,M,160+,Lawrence Park South,103
134,134,2018-08-10 00:00:00,-79.41351999999999,43.71835,Melissodes,M,160+,Lawrence Park South,103
135,135,2018-08-10 00:00:00,-79.41351999999999,43.71835,Melissodes,M,160+,Lawrence Park South,103
136,136,2018-08-10 00:00:00,-79.41341,43.64584,Melissodes,M,80-100,Trinity-Bellwoods,81
137,137,2018-08-10 00:00:00,-79.54159,43.65052,Melissodes,F,120-140,Islington-City Centre West,14
138,138,2018-08-10 00:00:00,-79.54159,43.65052,Melissodes,M,120-140,Islington-City Centre West,14
139,139,2018-08-10 00:00:00,-79.39437,43.695890000000006,Melissodes,M,140-160,Mount Pleasant East,99
140,140,2018-08-10 00:00:00,-79.29879,43.6701,Melissodes,M,60-80,The Beaches,63
141,141,2018-08-10 00:00:00,-79.46369,43.64654,Melissodes,F,80-100,High Park-Swansea,87
142,142,2018-08-10 00:00:00,-79.46369,43.64654,Melissodes,F,80-100,High Park-Swansea,87
143,143,2018-08-10 00:00:00,-79.46369,43.64654,Melissodes,M,80-100,High Park-Swansea,87
144,144,2018-08-10 00:00:00,-79.46369,43.64654,Melissodes,M,80-100,High Park-Swansea,87
145,145,2018-08-10 00:00:00,-79.29879,43.6701,Melissodes,F,60-80,The Beaches,63
146,146,2018-08-10 00:00:00,-79.29879,43.6701,Melissodes,F,60-80,The Beaches,63
147,147,2018-08-10 00:00:00,-79.29879,43.6701,Melissodes,F,60-80,The Beaches,63
148,148,2018-07-20 00:00:00,-79.54159,43.65052,Melissodes,F,120-140,Islington-City Centre West,14
149,149,2018-07-20 00:00:00,-79.41341,43.64584,Melissodes,F,80-100,Trinity-Bellwoods,81
150,150,2018-07-20 00:00:00,-79.41341,43.64584,Melissodes,M,80-100,Trinity-Bellwoods,81
151,151,2018-07-20 00:00:00,-79.29879,43.6701,Melissodes,F,60-80,The Beaches,63
152,152,2018-07-20 00:00:00,-79.46369,43.64654,Melissodes,M,80-100,High Park-Swansea,87
153,153,2018-07-20 00:00:00,-79.46369,43.64654,Melissodes,M,80-100,High Park-Swansea,87
154,154,2018-07-20 00:00:00,-79.46369,43.64654,Melissodes,F,80-100,High Park-Swansea,87
155,155,2018-07-20 00:00:00,-79.46369,43.64654,Melissodes,M,80-100,High Park-Swansea,87
156,156,2018-07-20 00:00:00,-79.46369,43.64654,Melissodes,M,80-100,High Park-Swansea,87
157,157,2018-07-20 00:00:00,-79.46369,43.64654,Melissodes,F,80-100,High Park-Swansea,87
158,158,2018-07-20 00:00:00,-79.46369,43.64654,Melissodes,F,80-100,High Park-Swansea,87
159,159,2018-07-20 00:00:00,-79.46369,43.64654,Melissodes,M,80-100,High Park-Swansea,87
160,160,2018-07-20 00:00:00,-79.46369,43.64654,Melissodes,M,80-100,High Park-Swansea,87
161,161,2018-08-10 00:00:00,-79.29879,43.6701,Melissodes,F,60-80,The Beaches,63
162,162,2018-07-20 00:00:00,-79.39437,43.695890000000006,Melissodes,F,140-160,Mount Pleasant East,99
163,163,2018-08-10 00:00:00,-79.31827,43.67418,Peponapis,F,80-100,Woodbine Corridor,64
164,164,2018-07-20 00:00:00,-79.41351999999999,43.71835,Melissodes,M,160+,Lawrence Park South,103
165,165,2018-07-20 00:00:00,-79.46369,43.64654,Melissodes,M,80-100,High Park-Swansea,87
166,166,2018-08-10 00:00:00,-79.41351999999999,43.71835,Peponapis,M,160+,Lawrence Park South,103
167,167,2018-08-10 00:00:00,-79.41351999999999,43.71835,Peponapis,M,160+,Lawrence Park South,103
168,168,2018-08-10 00:00:00,-79.46369,43.64654,Melissodes,M,80-100,High Park-Swansea,87
169,169,2018-08-31 00:00:00,-79.41351999999999,43.71835,Melissodes,F,160+,Lawrence Park South,103
170,170,2018-08-31 00:00:00,-79.41351999999999,43.71835,Melissodes,F,160+,Lawrence Park South,103
171,171,2018-07-20 00:00:00,-79.46369,43.64654,Melissodes,M,80-100,High Park-Swansea,87
172,172,2018-08-10 00:00:00,-79.29879,43.6701,Melissodes,M,60-80,The Beaches,63
173,173,2018-07-20 00:00:00,-79.31995,43.68951,Agapostemon,F,120-140,Danforth East York,59
174,174,2018-07-20 00:00:00,-79.31995,43.68951,Agapostemon,F,120-140,Danforth East York,59
175,175,2018-07-20 00:00:00,-79.31995,43.68951,Agapostemon,M,120-140,Danforth East York,59
176,176,2018-07-20 00:00:00,-79.31995,43.68951,Agapostemon,M,120-140,Danforth East York,59
177,177,2018-08-10 00:00:00,-79.41351999999999,43.71835,Agapostemon,F,160+,Lawrence Park South,103
178,178,2018-08-10 00:00:00,-79.41351999999999,43.71835,Agapostemon,F,160+,Lawrence Park South,103
179,179,2018-08-10 00:00:00,-79.41351999999999,43.71835,Agapostemon,M,160+,Lawrence Park South,103
180,180,2018-08-10 00:00:00,-79.41351999999999,43.71835,Agapostemon,F,160+,Lawrence Park South,103
181,181,2018-08-10 00:00:00,-79.41351999999999,43.71835,Agapostemon,M,160+,Lawrence Park South,103
182,182,2018-08-10 00:00:00,-79.41351999999999,43.71835,Agapostemon,M,160+,Lawrence Park South,103
183,183,2018-08-10 00:00:00,-79.41351999999999,43.71835,Agapostemon,M,160+,Lawrence Park South,103
184,184,2018-08-10 00:00:00,-79.41351999999999,43.71835,Agapostemon,M,160+,Lawrence Park South,103
185,185,2018-08-10 00:00:00,-79.41351999999999,43.71835,Agapostemon,M,160+,Lawrence Park South,103
186,186,2018-08-10 00:00:00,-79.41351999999999,43.71835,Agapostemon,M,160+,Lawrence Park South,103
187,187,2018-08-10 00:00:00,-79.41351999999999,43.71835,Agapostemon,M,160+,Lawrence Park South,103
188,188,2018-08-10 00:00:00,-79.41351999999999,43.71835,Agapostemon,M,160+,Lawrence Park South,103
189,189,2018-08-10 00:00:00,-79.41351999999999,43.71835,Agapostemon,M,160+,Lawrence Park South,103
190,190,2018-08-10 00:00:00,-79.41351999999999,43.71835,Agapostemon,M,160+,Lawrence Park South,103
191,191,2018-08-10 00:00:00,-79.41351999999999,43.71835,Agapostemon,M,160+,Lawrence Park South,103
192,192,2018-08-10 00:00:00,-79.41351999999999,43.71835,Agapostemon,M,160+,Lawrence Park South,103
193,193,2018-08-10 00:00:00,-79.41351999999999,43.71835,Agapostemon,M,160+,Lawrence Park South,103
194,194,2018-08-10 00:00:00,-79.41351999999999,43.71835,Agapostemon,M,160+,Lawrence Park South,103
195,195,2018-08-10 00:00:00,-79.41351999999999,43.71835,Agapostemon,M,160+,Lawrence Park South,103
196,196,2018-08-10 00:00:00,-79.41351999999999,43.71835,Agapostemon,M,160+,Lawrence Park South,103
197,197,2018-06-04 00:00:00,-79.42755,43.65578,Agapostemon,F,100-120,Dufferin Grove,83
198,198,2018-06-04 00:00:00,-79.42755,43.65578,Agapostemon,F,100-120,Dufferin Grove,83
199,199,2018-06-29 00:00:00,-79.42755,43.65578,Agapostemon,F,100-120,Dufferin Grove,83
200,200,2018-06-01 00:00:00,-79.281763,43.68738,Agapostemon,F,120-140,Birchcliffe-Cliffside,122
201,201,2018-05-31 00:00:00,-79.41866,43.66111,Agapostemon,F,100-120,Palmerston-Little Italy,80
202,202,2018-06-04 00:00:00,-79.41351999999999,43.71835,Agapostemon,F,160+,Lawrence Park South,103
203,203,2018-06-04 00:00:00,-79.41351999999999,43.71835,Agapostemon,F,160+,Lawrence Park South,103
204,204,2018-06-04 00:00:00,-79.41351999999999,43.71835,Agapostemon,F,160+,Lawrence Park South,103
205,205,2018-06-04 00:00:00,-79.41351999999999,43.71835,Agapostemon,F,160+,Lawrence Park South,103
206,206,2018-07-20 00:00:00,-79.46369,43.64654,Agapostemon,M,80-100,High Park-Swansea,87
207,207,2018-05-27 00:00:00,-79.48689,43.65057,Agapostemon,F,100-120,Lambton Baby Point,114
208,208,2018-06-29 00:00:00,-79.48689,43.65057,Agapostemon,F,100-120,Lambton Baby Point,114
209,209,2018-07-20 00:00:00,-79.41351999999999,43.71835,Agapostemon,M,160+,Lawrence Park South,103
210,210,2018-07-20 00:00:00,-79.41351999999999,43.71835,Agapostemon,F,160+,Lawrence Park South,103
211,211,2018-07-20 00:00:00,-79.41351999999999,43.71835,Agapostemon,F,160+,Lawrence Park South,103
212,212,2018-07-20 00:00:00,-79.41351999999999,43.71835,Agapostemon,F,160+,Lawrence Park South,103
213,213,2018-07-20 00:00:00,-79.41351999999999,43.71835,Agapostemon,F,160+,Lawrence Park South,103
214,214,2018-07-20 00:00:00,-79.41351999999999,43.71835,Agapostemon,F,160+,Lawrence Park South,103
215,215,2018-07-20 00:00:00,-79.41351999999999,43.71835,Agapostemon,M,160+,Lawrence Park South,103
216,216,2018-07-20 00:00:00,-79.41351999999999,43.71835,Agapostemon,M,160+,Lawrence Park South,103
217,217,2018-07-20 00:00:00,-79.41351999999999,43.71835,Agapostemon,F,160+,Lawrence Park South,103
218,218,2018-07-20 00:00:00,-79.41351999999999,43.71835,Agapostemon,F,160+,Lawrence Park South,103
219,219,2018-08-10 00:00:00,-79.31995,43.68951,Agapostemon,M,120-140,Danforth East York,59
220,220,2018-06-29 00:00:00,-79.48689,43.65057,Agapostemon,F,100-120,Lambton Baby Point,114
221,221,2018-08-10 00:00:00,-79.31995,43.68951,Agapostemon,M,120-140,Danforth East York,59
222,222,2018-08-10 00:00:00,-79.31995,43.68951,Agapostemon,F,120-140,Danforth East York,59
223,223,2018-08-10 00:00:00,-79.31995,43.68951,Agapostemon,M,120-140,Danforth East York,59
224,224,2018-08-10 00:00:00,-79.31995,43.68951,Agapostemon,M,120-140,Danforth East York,59
225,225,2018-06-04 00:00:00,-79.41351999999999,43.71835,Agapostemon,F,160+,Lawrence Park South,103
226,226,2018-06-04 00:00:00,-79.41351999999999,43.71835,Agapostemon,F,160+,Lawrence Park South,103
227,227,2018-06-04 00:00:00,-79.41351999999999,43.71835,Agapostemon,F,160+,Lawrence Park South,103
228,228,2018-06-04 00:00:00,-79.41351999999999,43.71835,Agapostemon,F,160+,Lawrence Park South,103
229,229,2018-06-04 00:00:00,-79.41351999999999,43.71835,Agapostemon,F,160+,Lawrence Park South,103
230,230,2018-06-04 00:00:00,-79.41351999999999,43.71835,Agapostemon,F,160+,Lawrence Park South,103
231,231,2018-06-04 00:00:00,-79.41351999999999,43.71835,Agapostemon,F,160+,Lawrence Park South,103
232,232,2018-06-04 00:00:00,-79.41351999999999,43.71835,Agapostemon,F,160+,Lawrence Park South,103
233,233,2018-06-04 00:00:00,-79.41351999999999,43.71835,Agapostemon,F,160+,Lawrence Park South,103
234,234,2018-06-04 00:00:00,-79.41351999999999,43.71835,Agapostemon,F,160+,Lawrence Park South,103
235,235,2018-06-04 00:00:00,-79.41351999999999,43.71835,Agapostemon,F,160+,Lawrence Park South,103
236,236,2018-06-04 00:00:00,-79.41351999999999,43.71835,Agapostemon,F,160+,Lawrence Park South,103
237,237,2018-06-04 00:00:00,-79.41351999999999,43.71835,Agapostemon,F,160+,Lawrence Park South,103
238,238,2018-06-04 00:00:00,-79.41351999999999,43.71835,Agapostemon,F,160+,Lawrence Park South,103
239,239,2018-06-04 00:00:00,-79.41351999999999,43.71835,Agapostemon,F,160+,Lawrence Park South,103
240,240,2018-06-04 00:00:00,-79.41351999999999,43.71835,Agapostemon,F,160+,Lawrence Park South,103
241,241,2018-06-04 00:00:00,-79.41351999999999,43.71835,Agapostemon,F,160+,Lawrence Park South,103
242,242,2018-06-04 00:00:00,-79.41351999999999,43.71835,Agapostemon,F,160+,Lawrence Park South,103
243,243,2018-06-04 00:00:00,-79.41351999999999,43.71835,Agapostemon,F,160+,Lawrence Park South,103
244,244,2018-06-04 00:00:00,-79.41351999999999,43.71835,Agapostemon,F,160+,Lawrence Park South,103
245,245,2018-06-04 00:00:00,-79.41351999999999,43.71835,Agapostemon,F,160+,Lawrence Park South,103
246,246,2018-06-04 00:00:00,-79.41351999999999,43.71835,Agapostemon,F,160+,Lawrence Park South,103
247,247,2018-06-04 00:00:00,-79.41351999999999,43.71835,Agapostemon,F,160+,Lawrence Park South,103
248,248,2018-06-04 00:00:00,-79.41351999999999,43.71835,Agapostemon,F,160+,Lawrence Park South,103
249,249,2018-06-04 00:00:00,-79.41351999999999,43.71835,Agapostemon,F,160+,Lawrence Park South,103
250,250,2018-06-04 00:00:00,-79.41351999999999,43.71835,Agapostemon,F,160+,Lawrence Park South,103
251,251,2018-06-04 00:00:00,-79.41351999999999,43.71835,Agapostemon,F,160+,Lawrence Park South,103
252,252,2018-06-04 00:00:00,-79.41351999999999,43.71835,Agapostemon,F,160+,Lawrence Park South,103
253,253,2018-06-08 00:00:00,-79.41351999999999,43.71835,Agapostemon,F,160+,Lawrence Park South,103
254,254,2018-07-20 00:00:00,-79.41351999999999,43.71835,Agapostemon,M,160+,Lawrence Park South,103
255,255,2018-06-04 00:00:00,-79.41351999999999,43.71835,Agapostemon,F,160+,Lawrence Park South,103
256,256,2018-05-23 00:00:00,-79.41351999999999,43.71835,Agapostemon,F,160+,Lawrence Park South,103
257,257,2018-06-08 00:00:00,-79.41351999999999,43.71835,Agapostemon,F,160+,Lawrence Park South,103
258,258,2018-07-20 00:00:00,-79.41351999999999,43.71835,Agapostemon,M,160+,Lawrence Park South,103
259,259,2018-07-20 00:00:00,-79.41351999999999,43.71835,Agapostemon,M,160+,Lawrence Park South,103
260,260,2018-06-08 00:00:00,-79.41351999999999,43.71835,Agapostemon,F,160+,Lawrence Park South,103
261,261,2018-05-27 00:00:00,-79.41351999999999,43.71835,Agapostemon,F,160+,Lawrence Park South,103
262,262,2018-07-20 00:00:00,-79.41351999999999,43.71835,Agapostemon,M,160+,Lawrence Park South,103
263,263,2018-06-08 00:00:00,-79.54159,43.65052,Agapostemon,F,120-140,Islington-City Centre West,14
264,264,2018-05-31 00:00:00,-79.4632,43.7291,Agapostemon,F,160+,Downsview-Roding-CFB,26
265,265,2018-06-08 00:00:00,-79.31827,43.67418,Agapostemon,F,80-100,Woodbine Corridor,64
266,266,2018-06-01 00:00:00,-79.31995,43.68951,Agapostemon,F,120-140,Danforth East York,59
267,267,2018-06-29 00:00:00,-79.31995,43.68951,Agapostemon,F,120-140,Danforth East York,59
268,268,2018-06-04 00:00:00,-79.4335,43.66791,Agapostemon,F,120-140,Dovercourt-Wallace Emerson-Junction,93
269,269,2018-06-01 00:00:00,-79.31827,43.67418,Agapostemon,F,80-100,Woodbine Corridor,64
270,270,2018-05-15 00:00:00,-79.48539,43.65797,Agapostemon,F,100-120,Runnymede-Bloor West Village,89
271,271,2018-05-24 00:00:00,-79.29879,43.6701,Agapostemon,F,60-80,The Beaches,63
272,272,2018-06-04 00:00:00,-79.46369,43.64654,Agapostemon,F,80-100,High Park-Swansea,87
273,273,2018-06-01 00:00:00,-79.31827,43.67418,Agapostemon,F,80-100,Woodbine Corridor,64
274,274,2018-06-08 00:00:00,-79.46369,43.64654,Agapostemon,F,80-100,High Park-Swansea,87
275,275,2018-05-19 00:00:00,-79.46369,43.64654,Agapostemon,F,80-100,High Park-Swansea,87
276,276,2018-06-08 00:00:00,-79.46369,43.64654,Agapostemon,F,80-100,High Park-Swansea,87
277,277,2018-05-16 00:00:00,-79.31995,43.68951,Agapostemon,F,120-140,Danforth East York,59
278,278,2018-08-10 00:00:00,-79.31995,43.68951,Agapostemon,F,120-140,Danforth East York,59
279,279,2018-08-31 00:00:00,-79.31827,43.67418,Agapostemon,M,80-100,Woodbine Corridor,64
280,280,2018-08-31 00:00:00,-79.31995,43.68951,Agapostemon,M,120-140,Danforth East York,59
281,281,2018-08-31 00:00:00,-79.31995,43.68951,Agapostemon,M,120-140,Danforth East York,59
282,282,2018-08-31 00:00:00,-79.31995,43.68951,Agapostemon,M,120-140,Danforth East York,59
283,283,2018-08-31 00:00:00,-79.31995,43.68951,Agapostemon,F,120-140,Danforth East York,59
284,284,2018-08-31 00:00:00,-79.31995,43.68951,Agapostemon,M,120-140,Danforth East York,59
285,285,2018-08-31 00:00:00,-79.31995,43.68951,Agapostemon,M,120-140,Danforth East York,59
286,286,2018-08-31 00:00:00,-79.31995,43.68951,Agapostemon,F,120-140,Danforth East York,59
287,287,2018-08-31 00:00:00,-79.31995,43.68951,Agapostemon,M,120-140,Danforth East York,59
288,288,2018-08-31 00:00:00,-79.31995,43.68951,Agapostemon,M,120-140,Danforth East York,59
289,289,2018-08-31 00:00:00,-79.31995,43.68951,Agapostemon,F,120-140,Danforth East York,59
290,290,2018-08-31 00:00:00,-79.31995,43.68951,Agapostemon,M,120-140,Danforth East York,59
291,291,2018-06-01 00:00:00,-79.30445999999999,43.69999,Agapostemon,F,120-140,O'Connor-Parkview,54
292,292,2018-06-05 00:00:00,-79.32925999999999,43.67239,Agapostemon,F,80-100,South Riverdale,70
293,293,2018-08-31 00:00:00,-79.46369,43.64654,Agapostemon,M,80-100,High Park-Swansea,87
294,294,2018-08-31 00:00:00,-79.46369,43.64654,Agapostemon,M,80-100,High Park-Swansea,87
295,295,2018-06-01 00:00:00,-79.30445999999999,43.69999,Agapostemon,F,120-140,O'Connor-Parkview,54
296,296,2018-07-20 00:00:00,-79.30158,43.6908,Agapostemon,F,120-140,Taylor-Massey,61
297,297,2018-06-08 00:00:00,-79.3524,43.65412,Agapostemon,F,60-80,Waterfront Communities-The Island,77
298,298,2018-06-04 00:00:00,-79.3524,43.65412,Agapostemon,F,60-80,Waterfront Communities-The Island,77
299,299,2018-06-04 00:00:00,-79.3524,43.65412,Agapostemon,F,60-80,Waterfront Communities-The Island,77
300,300,2018-06-04 00:00:00,-79.3524,43.65412,Agapostemon,F,60-80,Waterfront Communities-The Island,77
301,301,2018-06-04 00:00:00,-79.3524,43.65412,Agapostemon,F,60-80,Waterfront Communities-The Island,77
302,302,2018-06-04 00:00:00,-79.3524,43.65412,Agapostemon,F,60-80,Waterfront Communities-The Island,77
303,303,2018-06-04 00:00:00,-79.3524,43.65412,Agapostemon,F,60-80,Waterfront Communities-The Island,77
304,304,2018-06-04 00:00:00,-79.3524,43.65412,Agapostemon,F,60-80,Waterfront Communities-The Island,77
305,305,2018-06-04 00:00:00,-79.3524,43.65412,Agapostemon,F,60-80,Waterfront Communities-The Island,77
306,306,2018-06-04 00:00:00,-79.3524,43.65412,Agapostemon,F,60-80,Waterfront Communities-The Island,77
307,307,2018-06-04 00:00:00,-79.3524,43.65412,Agapostemon,F,60-80,Waterfront Communities-The Island,77
308,308,2018-06-04 00:00:00,-79.3524,43.65412,Agapostemon,F,60-80,Waterfront Communities-The Island,77
309,309,2018-06-04 00:00:00,-79.3524,43.65412,Agapostemon,F,60-80,Waterfront Communities-The Island,77
310,310,2018-06-04 00:00:00,-79.3524,43.65412,Agapostemon,F,60-80,Waterfront Communities-The Island,77
311,311,2018-06-04 00:00:00,-79.3524,43.65412,Agapostemon,F,60-80,Waterfront Communities-The Island,77
312,312,2018-06-04 00:00:00,-79.3524,43.65412,Agapostemon,F,60-80,Waterfront Communities-The Island,77
313,313,2018-06-04 00:00:00,-79.3524,43.65412,Agapostemon,F,60-80,Waterfront Communities-The Island,77
314,314,2018-06-04 00:00:00,-79.3524,43.65412,Agapostemon,F,60-80,Waterfront Communities-The Island,77
315,315,2018-06-04 00:00:00,-79.3524,43.65412,Agapostemon,F,60-80,Waterfront Communities-The Island,77
316,316,2018-06-04 00:00:00,-79.3524,43.65412,Agapostemon,F,60-80,Waterfront Communities-The Island,77
317,317,2018-06-04 00:00:00,-79.3524,43.65412,Agapostemon,F,60-80,Waterfront Communities-The Island,77
318,318,2018-06-04 00:00:00,-79.3524,43.65412,Agapostemon,F,60-80,Waterfront Communities-The Island,77
319,319,2018-05-31 00:00:00,-79.3524,43.65412,Agapostemon,F,60-80,Waterfront Communities-The Island,77
320,320,2018-06-04 00:00:00,-79.3524,43.65412,Agapostemon,F,60-80,Waterfront Communities-The Island,77
321,321,2018-06-04 00:00:00,-79.3524,43.65412,Agapostemon,F,60-80,Waterfront Communities-The Island,77
322,322,2018-05-27 00:00:00,-79.3524,43.65412,Agapostemon,F,60-80,Waterfront Communities-The Island,77
323,323,2018-05-31 00:00:00,-79.55324,43.6423,Agapostemon,F,140-160,Islington-City Centre West,14
324,324,2018-06-29 00:00:00,-79.39437,43.695890000000006,Agapostemon,F,140-160,Mount Pleasant East,99
325,325,2018-05-31 00:00:00,-79.55324,43.6423,Agapostemon,F,140-160,Islington-City Centre West,14
326,326,2018-05-27 00:00:00,-79.54741999999999,43.59366,Agapostemon,F,80-100,Alderwood,20
327,327,2018-06-29 00:00:00,-79.46369,43.64654,Agapostemon,F,80-100,High Park-Swansea,87
328,328,2018-06-04 00:00:00,-79.54741999999999,43.59366,Agapostemon,F,80-100,Alderwood,20
329,329,2018-06-04 00:00:00,-79.54741999999999,43.59366,Agapostemon,F,80-100,Alderwood,20
330,330,2018-06-04 00:00:00,-79.54741999999999,43.59366,Agapostemon,F,80-100,Alderwood,20
331,331,2018-06-01 00:00:00,-79.31995,43.68951,Agapostemon,F,120-140,Danforth East York,59
332,332,2018-06-01 00:00:00,-79.31995,43.68951,Agapostemon,F,120-140,Danforth East York,59
333,333,2018-06-08 00:00:00,-79.31995,43.68951,Agapostemon,F,120-140,Danforth East York,59
334,334,2018-05-11 00:00:00,-79.41866,43.66111,Andrena,F,100-120,Palmerston-Little Italy,80
335,335,2018-05-16 00:00:00,-79.35249,43.732659999999996,Andrena,F,140-160,Banbury-Don Mills,42
336,336,2018-05-31 00:00:00,-79.42755,43.65578,Andrena,F,100-120,Dufferin Grove,83
337,337,2018-05-24 00:00:00,-79.35249,43.732659999999996,Andrena,F,140-160,Banbury-Don Mills,42
338,338,2018-05-23 00:00:00,-79.55324,43.6423,Andrena,F,140-160,Islington-City Centre West,14
339,339,2018-05-31 00:00:00,-79.48689,43.65057,Colletes,F,100-120,Lambton Baby Point,114
340,340,2018-05-27 00:00:00,-79.48689,43.65057,Colletes,F,100-120,Lambton Baby Point,114
341,341,2018-05-24 00:00:00,-79.30158,43.6908,Colletes,F,120-140,Taylor-Massey,61
342,342,2018-05-12 00:00:00,-79.281763,43.68738,Andrena,F,120-140,Birchcliffe-Cliffside,122
343,343,2018-06-01 00:00:00,-79.281763,43.68738,Andrena,F,120-140,Birchcliffe-Cliffside,122
344,344,2018-05-28 00:00:00,-79.281763,43.68738,Andrena,F,120-140,Birchcliffe-Cliffside,122
345,345,2018-05-28 00:00:00,-79.281763,43.68738,Colletes,F,120-140,Birchcliffe-Cliffside,122
346,346,2018-05-23 00:00:00,-79.41866,43.66111,Andrena,F,100-120,Palmerston-Little Italy,80
347,347,2018-05-24 00:00:00,-79.281763,43.68738,Andrena,F,120-140,Birchcliffe-Cliffside,122
348,348,2018-06-04 00:00:00,-79.42755,43.65578,Andrena,F,100-120,Dufferin Grove,83
349,349,2018-06-01 00:00:00,-79.30445999999999,43.69999,Andrena,F,120-140,O'Connor-Parkview,54
350,350,2018-05-11 00:00:00,-79.54741999999999,43.59366,Andrena,F,80-100,Alderwood,20
351,351,2018-05-19 00:00:00,-79.55324,43.6423,Andrena,F,140-160,Islington-City Centre West,14
352,352,2018-05-31 00:00:00,-79.39437,43.695890000000006,Colletes,F,140-160,Mount Pleasant East,99
353,353,2018-06-01 00:00:00,-79.35249,43.732659999999996,Andrena,F,140-160,Banbury-Don Mills,42
354,354,2018-05-31 00:00:00,-79.4335,43.66791,Andrena,F,120-140,Dovercourt-Wallace Emerson-Junction,93
355,355,2018-05-23 00:00:00,-79.46369,43.64654,Andrena,F,80-100,High Park-Swansea,87
356,356,2018-05-23 00:00:00,-79.41351999999999,43.71835,Andrena,F,160+,Lawrence Park South,103
357,357,2018-05-15 00:00:00,-79.41351999999999,43.71835,Andrena,F,160+,Lawrence Park South,103
358,358,2018-05-11 00:00:00,-79.41351999999999,43.71835,Colletes,F,160+,Lawrence Park South,103
359,359,2018-05-15 00:00:00,-79.41351999999999,43.71835,Andrena,F,160+,Lawrence Park South,103
360,360,2018-05-15 00:00:00,-79.41351999999999,43.71835,Andrena,F,160+,Lawrence Park South,103
361,361,2018-05-15 00:00:00,-79.41351999999999,43.71835,Andrena,F,160+,Lawrence Park South,103
362,362,2018-05-27 00:00:00,-79.4632,43.7291,Andrena,F,160+,Downsview-Roding-CFB,26
363,363,2018-05-23 00:00:00,-79.50723,43.63919,Andrena,F,100-120,Stonegate-Queensway,16
364,364,2018-05-23 00:00:00,-79.50723,43.63919,Andrena,F,100-120,Stonegate-Queensway,16
365,365,2018-05-16 00:00:00,-79.31995,43.68951,Andrena,F,120-140,Danforth East York,59
366,366,2018-05-24 00:00:00,-79.31995,43.68951,Andrena,F,120-140,Danforth East York,59
367,367,2018-05-20 00:00:00,-79.31995,43.68951,Andrena,F,120-140,Danforth East York,59
368,368,2018-05-20 00:00:00,-79.31995,43.68951,Andrena,F,120-140,Danforth East York,59
369,369,2018-05-24 00:00:00,-79.31995,43.68951,Andrena,F,120-140,Danforth East York,59
370,370,2018-05-11 00:00:00,-79.48539,43.65797,Andrena,F,100-120,Runnymede-Bloor West Village,89
371,371,2018-05-31 00:00:00,-79.39437,43.695890000000006,Colletes,F,140-160,Mount Pleasant East,99
372,372,2018-05-23 00:00:00,-79.50723,43.63919,Andrena,F,100-120,Stonegate-Queensway,16
373,373,2018-05-19 00:00:00,-79.41351999999999,43.71835,Andrena,F,160+,Lawrence Park South,103
374,374,2018-06-08 00:00:00,-79.46369,43.64654,Andrena,M,80-100,High Park-Swansea,87
375,375,2018-05-11 00:00:00,-79.3524,43.65412,Andrena,M,60-80,Waterfront Communities-The Island,77
376,376,2018-06-08 00:00:00,-79.48689,43.65057,Andrena,M,100-120,Lambton Baby Point,114
377,377,2018-05-23 00:00:00,-79.46369,43.64654,Andrena,M,80-100,High Park-Swansea,87
378,378,2018-05-20 00:00:00,-79.30158,43.6908,Andrena,M,120-140,Taylor-Massey,61
379,379,2018-05-15 00:00:00,-79.41866,43.66111,Andrena,F,100-120,Palmerston-Little Italy,80
380,380,2018-05-12 00:00:00,-79.30158,43.6908,Andrena,M,120-140,Taylor-Massey,61
381,381,2018-05-12 00:00:00,-79.281763,43.68738,Andrena,M,120-140,Birchcliffe-Cliffside,122
382,382,2018-05-20 00:00:00,-79.35249,43.732659999999996,Andrena,F,140-160,Banbury-Don Mills,42
383,383,2018-05-12 00:00:00,-79.30445999999999,43.69999,Andrena,F,120-140,O'Connor-Parkview,54
384,384,2018-05-20 00:00:00,-79.35249,43.732659999999996,Andrena,F,140-160,Banbury-Don Mills,42
385,385,2018-05-24 00:00:00,-79.35249,43.732659999999996,Andrena,F,140-160,Banbury-Don Mills,42
386,386,2018-05-20 00:00:00,-79.35249,43.732659999999996,Andrena,F,140-160,Banbury-Don Mills,42
387,387,2018-05-28 00:00:00,-79.35249,43.732659999999996,Andrena,F,140-160,Banbury-Don Mills,42
388,388,2018-05-27 00:00:00,-79.55324,43.6423,Andrena,F,140-160,Islington-City Centre West,14
389,389,2018-05-27 00:00:00,-79.55324,43.6423,Andrena,F,140-160,Islington-City Centre West,14
390,390,2018-05-12 00:00:00,-79.29879,43.6701,Andrena,F,60-80,The Beaches,63
391,391,2018-05-15 00:00:00,-79.41351999999999,43.71835,Andrena,F,160+,Lawrence Park South,103
392,392,2018-05-19 00:00:00,-79.41351999999999,43.71835,Andrena,F,160+,Lawrence Park South,103
393,393,2018-06-04 00:00:00,-79.54159,43.65052,Andrena,M,120-140,Islington-City Centre West,14
394,394,2018-05-11 00:00:00,-79.54159,43.65052,Andrena,M,120-140,Islington-City Centre West,14
395,395,2018-05-31 00:00:00,-79.41866,43.66111,Andrena,M,100-120,Palmerston-Little Italy,80
396,396,2018-06-08 00:00:00,-79.54741999999999,43.59366,Andrena,M,80-100,Alderwood,20
397,397,2018-05-19 00:00:00,-79.50723,43.63919,Andrena,F,100-120,Stonegate-Queensway,16
398,398,2018-05-11 00:00:00,-79.50723,43.63919,Andrena,M,100-120,Stonegate-Queensway,16
399,399,2018-05-23 00:00:00,-79.50723,43.63919,Andrena,M,100-120,Stonegate-Queensway,16
400,400,2018-05-31 00:00:00,-79.50723,43.63919,Andrena,F,100-120,Stonegate-Queensway,16
401,401,2018-05-11 00:00:00,-79.50723,43.63919,Andrena,M,100-120,Stonegate-Queensway,16
402,402,2018-05-15 00:00:00,-79.48539,43.65797,Andrena,F,100-120,Runnymede-Bloor West Village,89
403,403,2018-05-20 00:00:00,-79.35249,43.732659999999996,Osmia,F,140-160,Banbury-Don Mills,42
404,404,2018-05-27 00:00:00,-79.41351999999999,43.71835,Osmia,F,160+,Lawrence Park South,103
405,405,2018-05-27 00:00:00,-79.41351999999999,43.71835,Osmia,F,160+,Lawrence Park South,103
406,406,2018-05-23 00:00:00,-79.41351999999999,43.71835,Osmia,F,160+,Lawrence Park South,103
407,407,2018-05-11 00:00:00,-79.41351999999999,43.71835,Osmia,F,160+,Lawrence Park South,103
408,408,2018-05-15 00:00:00,-79.46369,43.64654,Osmia,F,80-100,High Park-Swansea,87
409,409,2018-05-23 00:00:00,-79.41866,43.66111,Osmia,F,100-120,Palmerston-Little Italy,80
410,410,2018-05-20 00:00:00,-79.281763,43.68738,Osmia,F,120-140,Birchcliffe-Cliffside,122
411,411,2018-05-19 00:00:00,-79.3524,43.65412,Osmia,F,60-80,Waterfront Communities-The Island,77
412,412,2018-05-27 00:00:00,-79.3524,43.65412,Osmia,F,60-80,Waterfront Communities-The Island,77
413,413,2018-05-15 00:00:00,-79.46369,43.64654,Osmia,F,80-100,High Park-Swansea,87
414,414,2018-05-11 00:00:00,-79.48689,43.65057,Osmia,F,100-120,Lambton Baby Point,114
415,415,2018-05-19 00:00:00,-79.4632,43.7291,Osmia,M,160+,Downsview-Roding-CFB,26
416,416,2018-05-19 00:00:00,-79.48539,43.65797,Osmia,F,100-120,Runnymede-Bloor West Village,89
417,417,2018-05-11 00:00:00,-79.50723,43.63919,Osmia,F,100-120,Stonegate-Queensway,16
418,418,2018-05-27 00:00:00,-79.50723,43.63919,Osmia,F,100-120,Stonegate-Queensway,16
419,419,2018-05-16 00:00:00,-79.35249,43.732659999999996,Osmia,F,140-160,Banbury-Don Mills,42
420,420,2018-05-19 00:00:00,-79.41351999999999,43.71835,Osmia,M,160+,Lawrence Park South,103
421,421,2018-06-29 00:00:00,-79.31827,43.67418,Chelostoma,M,80-100,Woodbine Corridor,64
422,422,2018-06-29 00:00:00,-79.50723,43.63919,Chelostoma,F,100-120,Stonegate-Queensway,16
423,423,2018-06-29 00:00:00,-79.4335,43.66791,Chelostoma,F,120-140,Dovercourt-Wallace Emerson-Junction,93
424,424,2018-06-29 00:00:00,-79.4335,43.66791,Chelostoma,F,120-140,Dovercourt-Wallace Emerson-Junction,93
425,425,2018-06-29 00:00:00,-79.4335,43.66791,Chelostoma,F,120-140,Dovercourt-Wallace Emerson-Junction,93
426,426,2018-06-29 00:00:00,-79.4335,43.66791,Chelostoma,M,120-140,Dovercourt-Wallace Emerson-Junction,93
427,427,2018-06-29 00:00:00,-79.42755,43.65578,Chelostoma,F,100-120,Dufferin Grove,83
428,428,2018-06-29 00:00:00,-79.42755,43.65578,Chelostoma,F,100-120,Dufferin Grove,83
429,429,2018-06-29 00:00:00,-79.4335,43.66791,Chelostoma,F,120-140,Dovercourt-Wallace Emerson-Junction,93
430,430,2018-06-29 00:00:00,-79.4335,43.66791,Chelostoma,F,120-140,Dovercourt-Wallace Emerson-Junction,93
431,431,2018-06-29 00:00:00,-79.42755,43.65578,Chelostoma,F,100-120,Dufferin Grove,83
432,432,2018-06-29 00:00:00,-79.42755,43.65578,Chelostoma,F,100-120,Dufferin Grove,83
433,433,2018-06-29 00:00:00,-79.41351999999999,43.71835,Chelostoma,F,160+,Lawrence Park South,103
434,434,2018-06-29 00:00:00,-79.55324,43.6423,Chelostoma,F,140-160,Islington-City Centre West,14
435,435,2018-06-29 00:00:00,-79.55324,43.6423,Chelostoma,M,140-160,Islington-City Centre West,14
436,436,2018-06-29 00:00:00,-79.4335,43.66791,Chelostoma,F,120-140,Dovercourt-Wallace Emerson-Junction,93
437,437,2018-06-29 00:00:00,-79.42755,43.65578,Chelostoma,F,100-120,Dufferin Grove,83
438,438,2018-06-29 00:00:00,-79.42755,43.65578,Chelostoma,M,100-120,Dufferin Grove,83
439,439,2018-06-29 00:00:00,-79.42755,43.65578,Chelostoma,F,100-120,Dufferin Grove,83
440,440,2018-06-29 00:00:00,-79.42755,43.65578,Chelostoma,F,100-120,Dufferin Grove,83
441,441,2018-06-29 00:00:00,-79.42755,43.65578,Chelostoma,F,100-120,Dufferin Grove,83
442,442,2018-06-29 00:00:00,-79.42755,43.65578,Chelostoma,F,100-120,Dufferin Grove,83
443,443,2018-06-29 00:00:00,-79.42755,43.65578,Chelostoma,F,100-120,Dufferin Grove,83
444,444,2018-06-29 00:00:00,-79.42755,43.65578,Chelostoma,F,100-120,Dufferin Grove,83
445,445,2018-06-29 00:00:00,-79.55324,43.6423,Chelostoma,F,140-160,Islington-City Centre West,14
446,446,2018-07-20 00:00:00,-79.50723,43.63919,Chelostoma,F,100-120,Stonegate-Queensway,16
447,447,2018-06-29 00:00:00,-79.42755,43.65578,Chelostoma,F,100-120,Dufferin Grove,83
448,448,2018-06-29 00:00:00,-79.31827,43.67418,Chelostoma,F,80-100,Woodbine Corridor,64
449,449,2018-06-29 00:00:00,-79.42755,43.65578,Chelostoma,F,100-120,Dufferin Grove,83
450,450,2018-06-29 00:00:00,-79.55324,43.6423,Chelostoma,M,140-160,Islington-City Centre West,14
451,451,2018-06-29 00:00:00,-79.4335,43.66791,Chelostoma,M,120-140,Dovercourt-Wallace Emerson-Junction,93
452,452,2018-06-29 00:00:00,-79.31827,43.67418,Chelostoma,M,80-100,Woodbine Corridor,64
453,453,2018-06-29 00:00:00,-79.31995,43.68951,Chelostoma,M,120-140,Danforth East York,59
454,454,2018-06-04 00:00:00,-79.46369,43.64654,Megachile,M,80-100,High Park-Swansea,87
455,455,2018-06-04 00:00:00,-79.41351999999999,43.71835,Megachile,M,160+,Lawrence Park South,103
456,456,2018-05-27 00:00:00,-79.41351999999999,43.71835,Megachile,F,160+,Lawrence Park South,103
457,457,2018-06-08 00:00:00,-79.41351999999999,43.71835,Megachile,F,160+,Lawrence Park South,103
458,458,2018-05-28 00:00:00,-79.35249,43.732659999999996,Megachile,F,140-160,Banbury-Don Mills,42
459,459,2018-06-04 00:00:00,-79.41351999999999,43.71835,Megachile,F,160+,Lawrence Park South,103
460,460,2018-06-29 00:00:00,-79.31995,43.68951,Chelostoma,F,120-140,Danforth East York,59
461,461,2018-05-31 00:00:00,-79.48689,43.65057,Chelostoma,F,100-120,Lambton Baby Point,114
462,462,2018-06-08 00:00:00,-79.4335,43.66791,Chelostoma,M,120-140,Dovercourt-Wallace Emerson-Junction,93
463,463,2018-06-08 00:00:00,-79.48539,43.65797,Chelostoma,M,100-120,Runnymede-Bloor West Village,89
464,464,2018-05-27 00:00:00,-79.50723,43.63919,Chelostoma,M,100-120,Stonegate-Queensway,16
465,465,2018-06-08 00:00:00,-79.48539,43.65797,Chelostoma,M,100-120,Runnymede-Bloor West Village,89
466,466,2018-05-27 00:00:00,-79.50723,43.63919,Chelostoma,M,100-120,Stonegate-Queensway,16
467,467,2018-06-04 00:00:00,-79.42755,43.65578,Chelostoma,M,100-120,Dufferin Grove,83
468,468,2018-06-04 00:00:00,-79.3524,43.65412,Anthidium,F,60-80,Waterfront Communities-The Island,77
469,469,2018-06-01 00:00:00,-79.32925999999999,43.67239,Lasioglossum,F,80-100,South Riverdale,70
470,470,2018-06-29 00:00:00,-79.46369,43.64654,Lasioglossum,F,80-100,High Park-Swansea,87
471,471,2018-05-16 00:00:00,-79.35249,43.732659999999996,Lasioglossum,F,140-160,Banbury-Don Mills,42
472,472,2018-06-04 00:00:00,-79.54741999999999,43.59366,Lasioglossum,F,80-100,Alderwood,20
473,473,2018-05-31 00:00:00,-79.46369,43.64654,Lasioglossum,F,80-100,High Park-Swansea,87
474,474,2018-06-29 00:00:00,-79.46369,43.64654,Lasioglossum,F,80-100,High Park-Swansea,87
475,475,2018-06-29 00:00:00,-79.46369,43.64654,Lasioglossum,F,80-100,High Park-Swansea,87
476,476,2018-08-10 00:00:00,-79.41351999999999,43.71835,Lasioglossum,M,160+,Lawrence Park South,103
477,477,2018-08-10 00:00:00,-79.29879,43.6701,Lasioglossum,F,60-80,The Beaches,63
478,478,2018-07-20 00:00:00,-79.31995,43.68951,Lasioglossum,F,120-140,Danforth East York,59
479,479,2018-08-10 00:00:00,-79.41351999999999,43.71835,Lasioglossum,F,160+,Lawrence Park South,103
480,480,2018-08-10 00:00:00,-79.29879,43.6701,Lasioglossum,F,60-80,The Beaches,63
481,481,2018-08-31 00:00:00,-79.31995,43.68951,Lasioglossum,F,120-140,Danforth East York,59
482,482,2018-08-10 00:00:00,-79.3524,43.65412,Lasioglossum,F,60-80,Waterfront Communities-The Island,77
483,483,2018-08-10 00:00:00,-79.41351999999999,43.71835,Lasioglossum,M,160+,Lawrence Park South,103
484,484,2018-08-10 00:00:00,-79.46369,43.64654,Lasioglossum,F,80-100,High Park-Swansea,87
485,485,2018-05-19 00:00:00,-79.55324,43.6423,Lasioglossum,F,140-160,Islington-City Centre West,14
486,486,2018-07-20 00:00:00,-79.41351999999999,43.71835,Lasioglossum,F,160+,Lawrence Park South,103
487,487,2018-08-31 00:00:00,-79.50723,43.63919,Lasioglossum,F,100-120,Stonegate-Queensway,16
488,488,2018-05-12 00:00:00,-79.30445999999999,43.69999,Lasioglossum,F,120-140,O'Connor-Parkview,54
489,489,2018-08-10 00:00:00,-79.46369,43.64654,Lasioglossum,M,80-100,High Park-Swansea,87
490,490,2018-08-10 00:00:00,-79.46369,43.64654,Lasioglossum,M,80-100,High Park-Swansea,87
491,491,2018-06-04 00:00:00,-79.54741999999999,43.59366,Lasioglossum,F,80-100,Alderwood,20
492,492,2018-06-04 00:00:00,-79.54741999999999,43.59366,Lasioglossum,F,80-100,Alderwood,20
493,493,2018-06-29 00:00:00,-79.41351999999999,43.71835,Lasioglossum,F,160+,Lawrence Park South,103
494,494,2018-08-10 00:00:00,-79.46369,43.64654,Lasioglossum,M,80-100,High Park-Swansea,87
495,495,2018-06-01 00:00:00,-79.30445999999999,43.69999,Lasioglossum,F,120-140,O'Connor-Parkview,54
496,496,2018-08-10 00:00:00,-79.50723,43.63919,Lasioglossum,F,100-120,Stonegate-Queensway,16
497,497,2018-08-10 00:00:00,-79.29879,43.6701,Lasioglossum,F,60-80,The Beaches,63
498,498,2018-06-29 00:00:00,-79.48689,43.65057,Lasioglossum,F,100-120,Lambton Baby Point,114
499,499,2018-06-04 00:00:00,-79.41351999999999,43.71835,Lasioglossum,F,160+,Lawrence Park South,103
500,500,2018-05-12 00:00:00,-79.32925999999999,43.67239,Lasioglossum,F,80-100,South Riverdale,70
501,501,2018-06-01 00:00:00,-79.30445999999999,43.69999,Lasioglossum,F,120-140,O'Connor-Parkview,54
502,502,2018-05-27 00:00:00,-79.55324,43.6423,Lasioglossum,F,140-160,Islington-City Centre West,14
503,503,2018-05-27 00:00:00,-79.4335,43.66791,Lasioglossum,F,120-140,Dovercourt-Wallace Emerson-Junction,93
504,504,2018-05-31 00:00:00,-79.55324,43.6423,Lasioglossum,F,140-160,Islington-City Centre West,14
505,505,2018-05-31 00:00:00,-79.55324,43.6423,Lasioglossum,F,140-160,Islington-City Centre West,14
506,506,2018-06-04 00:00:00,-79.39437,43.695890000000006,Lasioglossum,F,140-160,Mount Pleasant East,99
507,507,2018-05-23 00:00:00,-79.4335,43.66791,Lasioglossum,F,120-140,Dovercourt-Wallace Emerson-Junction,93
508,508,2018-05-15 00:00:00,-79.3524,43.65412,Lasioglossum,F,60-80,Waterfront Communities-The Island,77
509,509,2018-05-31 00:00:00,-79.54741999999999,43.59366,Lasioglossum,F,80-100,Alderwood,20
510,510,2018-06-04 00:00:00,-79.54741999999999,43.59366,Lasioglossum,F,80-100,Alderwood,20
511,511,2018-05-27 00:00:00,-79.54741999999999,43.59366,Lasioglossum,F,80-100,Alderwood,20
512,512,2018-05-27 00:00:00,-79.54741999999999,43.59366,Lasioglossum,F,80-100,Alderwood,20
513,513,2018-06-04 00:00:00,-79.55324,43.6423,Lasioglossum,F,140-160,Islington-City Centre West,14
514,514,2018-05-27 00:00:00,-79.54741999999999,43.59366,Lasioglossum,F,80-100,Alderwood,20
515,515,2018-06-04 00:00:00,-79.54741999999999,43.59366,Lasioglossum,F,80-100,Alderwood,20
516,516,2018-05-31 00:00:00,-79.54741999999999,43.59366,Lasioglossum,F,80-100,Alderwood,20
517,517,2018-06-04 00:00:00,-79.54741999999999,43.59366,Lasioglossum,F,80-100,Alderwood,20
518,518,2018-06-04 00:00:00,-79.54741999999999,43.59366,Lasioglossum,F,80-100,Alderwood,20
519,519,2018-06-04 00:00:00,-79.54159,43.65052,Lasioglossum,F,120-140,Islington-City Centre West,14
520,520,2018-06-08 00:00:00,-79.54159,43.65052,Lasioglossum,F,120-140,Islington-City Centre West,14
521,521,2018-05-27 00:00:00,-79.41351999999999,43.71835,Lasioglossum,F,160+,Lawrence Park South,103
522,522,2018-05-24 00:00:00,-79.29879,43.6701,Lasioglossum,F,60-80,The Beaches,63
523,523,2018-06-08 00:00:00,-79.54741999999999,43.59366,Lasioglossum,F,80-100,Alderwood,20
524,524,2018-06-04 00:00:00,-79.54741999999999,43.59366,Lasioglossum,F,80-100,Alderwood,20
525,525,2018-05-31 00:00:00,-79.54741999999999,43.59366,Lasioglossum,F,80-100,Alderwood,20
526,526,2018-05-31 00:00:00,-79.54741999999999,43.59366,Lasioglossum,F,80-100,Alderwood,20
527,527,2018-06-04 00:00:00,-79.46369,43.64654,Lasioglossum,F,80-100,High Park-Swansea,87
528,528,2018-05-12 00:00:00,-79.35249,43.732659999999996,Lasioglossum,F,140-160,Banbury-Don Mills,42
529,529,2018-06-29 00:00:00,-79.46369,43.64654,Lasioglossum,F,80-100,High Park-Swansea,87
530,530,2018-05-20 00:00:00,-79.29879,43.6701,Lasioglossum,F,60-80,The Beaches,63
531,531,2018-05-23 00:00:00,-79.46369,43.64654,Lasioglossum,F,80-100,High Park-Swansea,87
532,532,2018-07-20 00:00:00,-79.41351999999999,43.71835,Lasioglossum,F,160+,Lawrence Park South,103
533,533,2018-08-10 00:00:00,-79.39437,43.695890000000006,Lasioglossum,F,140-160,Mount Pleasant East,99
534,534,2018-06-29 00:00:00,-79.378151,43.659168,Lasioglossum,F,80-100,Church-Yonge Corridor,75
535,535,2018-06-29 00:00:00,-79.29879,43.6701,Lasioglossum,F,60-80,The Beaches,63
536,536,2018-08-10 00:00:00,-79.41351999999999,43.71835,Lasioglossum,F,160+,Lawrence Park South,103
537,537,2018-06-04 00:00:00,-79.46369,43.64654,Lasioglossum,F,80-100,High Park-Swansea,87
538,538,2018-05-20 00:00:00,-79.30445999999999,43.69999,Lasioglossum,F,120-140,O'Connor-Parkview,54
539,539,2018-07-20 00:00:00,-79.46369,43.64654,Lasioglossum,M,80-100,High Park-Swansea,87
540,540,2018-06-08 00:00:00,-79.30445999999999,43.69999,Lasioglossum,F,120-140,O'Connor-Parkview,54
541,541,2018-06-04 00:00:00,-79.54741999999999,43.59366,Lasioglossum,F,80-100,Alderwood,20
542,542,2018-06-04 00:00:00,-79.54741999999999,43.59366,Lasioglossum,F,80-100,Alderwood,20
543,543,2018-05-31 00:00:00,-79.4335,43.66791,Lasioglossum,F,120-140,Dovercourt-Wallace Emerson-Junction,93
544,544,2018-05-19 00:00:00,-79.50723,43.63919,Lasioglossum,F,100-120,Stonegate-Queensway,16
545,545,2018-05-23 00:00:00,-79.41351999999999,43.71835,Lasioglossum,F,160+,Lawrence Park South,103
546,546,2018-07-20 00:00:00,-79.41351999999999,43.71835,Lasioglossum,F,160+,Lawrence Park South,103
547,547,2018-06-29 00:00:00,-79.41351999999999,43.71835,Lasioglossum,F,160+,Lawrence Park South,103
548,548,2018-05-20 00:00:00,-79.35249,43.732659999999996,Lasioglossum,F,140-160,Banbury-Don Mills,42
549,549,2018-06-08 00:00:00,-79.54159,43.65052,Lasioglossum,F,120-140,Islington-City Centre West,14
550,550,2018-05-27 00:00:00,-79.54159,43.65052,Lasioglossum,F,120-140,Islington-City Centre West,14
551,551,2018-05-24 00:00:00,-79.281763,43.68738,Lasioglossum,F,120-140,Birchcliffe-Cliffside,122
552,552,2018-06-29 00:00:00,-79.55324,43.6423,Lasioglossum,F,140-160,Islington-City Centre West,14
553,553,2018-05-24 00:00:00,-79.281763,43.68738,Lasioglossum,F,120-140,Birchcliffe-Cliffside,122
554,554,2018-05-31 00:00:00,-79.50723,43.63919,Lasioglossum,F,100-120,Stonegate-Queensway,16
555,555,2018-05-31 00:00:00,-79.4632,43.7291,Lasioglossum,F,160+,Downsview-Roding-CFB,26
556,556,2018-06-04 00:00:00,-79.41866,43.66111,Lasioglossum,F,100-120,Palmerston-Little Italy,80
557,557,2018-05-16 00:00:00,-79.281763,43.68738,Halictus,F,120-140,Birchcliffe-Cliffside,122
558,558,2018-08-31 00:00:00,-79.281763,43.68738,Lasioglossum,F,120-140,Birchcliffe-Cliffside,122
559,559,2018-06-04 00:00:00,-79.4632,43.7291,Lasioglossum,F,160+,Downsview-Roding-CFB,26
560,560,2018-05-11 00:00:00,-79.50723,43.63919,Lasioglossum,F,100-120,Stonegate-Queensway,16
561,561,2018-05-11 00:00:00,-79.50723,43.63919,Lasioglossum,F,100-120,Stonegate-Queensway,16
562,562,2018-05-19 00:00:00,-79.50723,43.63919,Lasioglossum,F,100-120,Stonegate-Queensway,16
563,563,2018-05-19 00:00:00,-79.50723,43.63919,Lasioglossum,F,100-120,Stonegate-Queensway,16
564,564,2018-05-24 00:00:00,-79.31995,43.68951,Lasioglossum,F,120-140,Danforth East York,59
565,565,2018-05-20 00:00:00,-79.31995,43.68951,Lasioglossum,F,120-140,Danforth East York,59
566,566,2018-06-08 00:00:00,-79.48539,43.65797,Lasioglossum,F,100-120,Runnymede-Bloor West Village,89
567,567,2018-06-04 00:00:00,-79.4335,43.66791,Lasioglossum,F,120-140,Dovercourt-Wallace Emerson-Junction,93
568,568,2018-06-04 00:00:00,-79.4632,43.7291,Lasioglossum,F,160+,Downsview-Roding-CFB,26
569,569,2018-05-11 00:00:00,-79.4632,43.7291,Lasioglossum,F,160+,Downsview-Roding-CFB,26
570,570,2018-05-24 00:00:00,-79.31995,43.68951,Lasioglossum,F,120-140,Danforth East York,59
571,571,2018-06-29 00:00:00,-79.31995,43.68951,Lasioglossum,F,120-140,Danforth East York,59
572,572,2018-06-08 00:00:00,-79.4632,43.7291,Lasioglossum,F,160+,Downsview-Roding-CFB,26
573,573,2018-05-20 00:00:00,-79.31995,43.68951,Lasioglossum,F,120-140,Danforth East York,59
574,574,2018-06-08 00:00:00,-79.31995,43.68951,Lasioglossum,F,120-140,Danforth East York,59
575,575,2018-07-20 00:00:00,-79.46369,43.64654,Lasioglossum,F,80-100,High Park-Swansea,87
576,576,2018-08-10 00:00:00,-79.46369,43.64654,Lasioglossum,F,80-100,High Park-Swansea,87
577,577,2018-07-20 00:00:00,-79.39437,43.695890000000006,Lasioglossum,F,140-160,Mount Pleasant East,99
578,578,2018-08-10 00:00:00,-79.29879,43.6701,Lasioglossum,F,60-80,The Beaches,63
579,579,2018-07-20 00:00:00,-79.50723,43.63919,Lasioglossum,F,100-120,Stonegate-Queensway,16
580,580,2018-05-27 00:00:00,-79.48689,43.65057,Lasioglossum,F,100-120,Lambton Baby Point,114
581,581,2018-06-29 00:00:00,-79.46369,43.64654,Lasioglossum,F,80-100,High Park-Swansea,87
582,582,2018-05-16 00:00:00,-79.281763,43.68738,Lasioglossum,F,120-140,Birchcliffe-Cliffside,122
583,583,2018-05-19 00:00:00,-79.50723,43.63919,Lasioglossum,F,100-120,Stonegate-Queensway,16
584,584,2018-05-27 00:00:00,-79.54741999999999,43.59366,Lasioglossum,F,80-100,Alderwood,20
585,585,2018-08-10 00:00:00,-79.41351999999999,43.71835,Augochlora,F,160+,Lawrence Park South,103
586,586,2018-06-04 00:00:00,-79.54741999999999,43.59366,Sphecodes,F,80-100,Alderwood,20
587,587,2018-05-27 00:00:00,-79.54741999999999,43.59366,Sphecodes,F,80-100,Alderwood,20
588,588,2018-08-31 00:00:00,-79.3524,43.65412,Halictus,M,60-80,Waterfront Communities-The Island,77
589,589,2018-05-24 00:00:00,-79.30158,43.6908,Halictus,F,120-140,Taylor-Massey,61
590,590,2018-05-28 00:00:00,-79.35249,43.732659999999996,Halictus,F,140-160,Banbury-Don Mills,42
591,591,2018-06-29 00:00:00,-79.35249,43.732659999999996,Halictus,F,140-160,Banbury-Don Mills,42
592,592,2018-05-27 00:00:00,-79.54159,43.65052,Halictus,F,120-140,Islington-City Centre West,14
593,593,2018-05-27 00:00:00,-79.4632,43.7291,Halictus,F,160+,Downsview-Roding-CFB,26
594,594,2018-05-24 00:00:00,-79.281763,43.68738,Halictus,F,120-140,Birchcliffe-Cliffside,122
595,595,2018-05-24 00:00:00,-79.281763,43.68738,Halictus,F,120-140,Birchcliffe-Cliffside,122
596,596,2018-05-27 00:00:00,-79.4632,43.7291,Halictus,F,160+,Downsview-Roding-CFB,26
597,597,2018-05-27 00:00:00,-79.50723,43.63919,Halictus,F,100-120,Stonegate-Queensway,16
598,598,2018-05-23 00:00:00,-79.48539,43.65797,Halictus,F,100-120,Runnymede-Bloor West Village,89
599,599,2018-05-16 00:00:00,-79.31995,43.68951,Colletes,F,120-140,Danforth East York,59
600,600,2018-05-19 00:00:00,-79.50723,43.63919,Colletes,F,100-120,Stonegate-Queensway,16
601,601,2018-05-19 00:00:00,-79.50723,43.63919,Colletes,F,100-120,Stonegate-Queensway,16
602,602,2018-05-23 00:00:00,-79.54741999999999,43.59366,Colletes,F,80-100,Alderwood,20
603,603,2018-05-27 00:00:00,-79.50723,43.63919,Colletes,F,100-120,Stonegate-Queensway,16
604,604,2018-05-23 00:00:00,-79.50723,43.63919,Colletes,F,100-120,Stonegate-Queensway,16
605,605,2018-05-20 00:00:00,-79.31995,43.68951,Colletes,F,120-140,Danforth East York,59
606,606,2018-05-19 00:00:00,-79.4335,43.66791,Colletes,F,120-140,Dovercourt-Wallace Emerson-Junction,93
607,607,2018-05-27 00:00:00,-79.50723,43.63919,Colletes,F,100-120,Stonegate-Queensway,16
608,608,2018-05-31 00:00:00,-79.46369,43.64654,Colletes,F,80-100,High Park-Swansea,87
609,609,2018-05-24 00:00:00,-79.31995,43.68951,Colletes,F,120-140,Danforth East York,59
610,610,2018-05-31 00:00:00,-79.55324,43.6423,Colletes,F,140-160,Islington-City Centre West,14
611,611,2018-05-27 00:00:00,-79.50723,43.63919,Colletes,F,100-120,Stonegate-Queensway,16
612,612,2018-05-19 00:00:00,-79.46369,43.64654,Colletes,F,80-100,High Park-Swansea,87
613,613,2018-05-24 00:00:00,-79.31995,43.68951,Colletes,F,120-140,Danforth East York,59
614,614,2018-05-23 00:00:00,-79.39437,43.695890000000006,Colletes,F,140-160,Mount Pleasant East,99
615,615,2018-05-24 00:00:00,-79.281763,43.68738,Colletes,F,120-140,Birchcliffe-Cliffside,122
616,616,2018-06-01 00:00:00,-79.281763,43.68738,Colletes,F,120-140,Birchcliffe-Cliffside,122
617,617,2018-05-27 00:00:00,-79.48689,43.65057,Colletes,F,100-120,Lambton Baby Point,114
618,618,2018-06-04 00:00:00,-79.54159,43.65052,Hylaeus,M,120-140,Islington-City Centre West,14
619,619,2018-05-27 00:00:00,-79.41866,43.66111,Hylaeus,M,100-120,Palmerston-Little Italy,80
620,620,2018-05-16 00:00:00,-79.31995,43.68951,Bombus,Q,120-140,Danforth East York,59
621,621,2018-05-23 00:00:00,-79.4335,43.66791,Lasioglossum?,,120-140,Dovercourt-Wallace Emerson-Junction,93
622,622,2018-05-31 00:00:00,-79.4335,43.66791,Unknown,,120-140,Dovercourt-Wallace Emerson-Junction,93
623,623,2018-06-29 00:00:00,-79.48689,43.65057,Lasioglossum?,,100-120,Lambton Baby Point,114
624,624,2018-05-28 00:00:00,-79.30445999999999,43.69999,Bombus,Q,120-140,O'Connor-Parkview,54
625,625,2018-05-27 00:00:00,-79.54741999999999,43.59366,Bombus,Q,80-100,Alderwood,20
626,626,2018-05-31 00:00:00,-79.41866,43.66111,Unknown,,100-120,Palmerston-Little Italy,80
627,627,2018-07-20 00:00:00,-79.46369,43.64654,Unknown,,80-100,High Park-Swansea,87
628,628,2018-08-10 00:00:00,-79.32925999999999,43.67239,Bombus,F,80-100,South Riverdale,70
629,629,2018-08-10 00:00:00,-79.41351999999999,43.71835,Bombus,F,160+,Lawrence Park South,103
